label,email
spam,❗️❗️특급 할인❗️❗️ 오늘만 90% 할인 쿠폰 증정중
ham,회의록 첨부파일 확인 부탁드립니다
spam,축하합니다! 당신은 행운의 100번째 고객입니다! 아이폰15 무료증정!
ham,이번 달 업무 일정 공유드립니다
spam,⭐️특별한 기회⭐️ 럭셔리 명품시계 초특가 세일!!
ham,금주 금요일까지 보고서 제출 바랍니다
spam,▶️ 놓치면 후회할 특가 이벤트! 클릭 즉시 할인쿠폰 지급!
ham,워크샵 참석 여부 회신 부탁드립니다
spam,💰 빚 고민 끝! 신용불량자 가능! 최저금리 대출상담
ham,다음 주 화상미팅 일정 조율 부탁드립니다
spam,🎁 가입즉시 10만원 지급! 온라인 카지노 신규가입 이벤트
ham,프로젝트 진행상황 업데이트입니다
spam,‼️ 오늘 마감! 100% 당첨 이벤트! 응모하기!
ham,요청하신 견적서 발송해드립니다
spam,📱 아이폰 15 PRO 파격특가! 선착순 100명 한정!
ham,내일 외부미팅 장소 안내드립니다
spam,💊 건강검진 무료쿠폰 이벤트! 오늘만 특별 제공!
ham,주간 회의 일정이 변경되었습니다
spam,✨ 적금보다 좋은 투자상품! 수익률 300% 보장!
ham,휴가 신청서 승인되었습니다
spam,⚡️ 급전대출! 30분내 입금! 신분증만 있으면 OK!
ham,자료 검토 완료했습니다
spam,🏆 VIP만을 위한 특별 이벤트! 지금 확인하세요!
ham,금일 서버 점검 일정 안내드립니다
spam,💯 정품 명품가방 초특가 세일! 오늘 단 하루!
ham,월간 실적 보고서입니다
spam,🎮 신규 게임 출시 기념 사전예약 특전 증정!
ham,팀 회식 일정 조율 부탁드립니다
spam,💸 비상금 대출! 무방문! 무서류! 즉시승인!
ham,업무 관련 문의드립니다
spam,🎯 마지막 찬스! 재고 정리 특가! 24시간 한정!
spam,[특급 할인] 오늘만 90% 할인 쿠폰 증정중입니다!! 지금 즉시 확인하세요!!
spam,축하드립니다! 당신은 행운의 100번째 고객입니다! 아이폰15 무료증정 이벤트에 당첨되셨습니다!
spam,[특별 할인] 럭셔리 명품시계 초특가 세일!! 정품 인증서 100% 보장
spam,>> 놓치면 후회할 특가 이벤트! 클릭 즉시 할인쿠폰 지급!! <<
spam,[긴급] 빚 고민 끝! 신용불량자 가능! 최저금리 대출상담 바로가기
spam,!!대박!! 가입즉시 10만원 지급! 온라인 카지노 신규가입 이벤트 진행중!!!
spam,[마감임박] 100% 당첨 이벤트! 응모하기! 당첨자 전원 상품권 증정!
spam,[특가공지] 아이폰 15 PRO 파격특가! 선착순 100명 한정! 지금 바로 신청하세요
spam,[건강검진] 무료쿠폰 이벤트! 오늘만 특별 제공! 예약필수
spam,[투자수익] 적금보다 좋은 투자상품! 수익률 300% 보장! 상담문의 클릭
spam,[급전대출] 30분내 입금! 신분증만 있으면 OK! 전화상담만으로 가능!
spam,[VIP전용] 특별 이벤트! 지금 확인하세요! 프리미엄 회원만을 위한 혜택!
spam,[최저가] 정품 명품가방 초특가 세일! 오늘 단 하루! 재고 소진시 종료!
spam,[사전예약] 신규 게임 출시 기념 특전 증정! 한정수량 소진임박!
spam,[비상금] 당일대출! 무방문! 무서류! 즉시승인! 누구나 가능!
spam,[특별공지] 마지막 찬스! 재고 정리 특가! 24시간 한정! 놓치지 마세요!
spam,[무료배송] 초특가 행사! 오픈기념 전품목 70% 할인! 선착순 마감!
spam,[주식정보] 상승확정주 공개! 수익률 보장! 전문가 추천종목!
spam,[긴급] 카드발급 즉시 캐시백! 100% 신청완료! 한도 무제한!
spam,[마감임박] 인기상품 초특가 한정판매! 오늘 자정까지!
spam,[무이자할부] 전기종 핸드폰 특가! 요금제자유! 사은품 100% 증정!
spam,[부동산투자] 확실한 시세차익! 특별분양! 계약금 없음!
spam,[폭탄세일] 백화점 상품권 특가! 1매 6만원! 선착순 100매 한정!
spam,[대부업체] 신용등급 관계없이 300만원 즉시대출! 전화상담만으로도 OK!
spam,[쇼핑특가] 프리미엄 가전제품 최대 90% 할인! 오늘만 진행!
spam,[긴급보도] 위대한 수령님의 축복이 담긴 개성고려인삼! 한정수량 공급!
spam,[특별공급] 조선민주주주의인민공화국 명품 백두산 천연수! 인민들의 건강을 책임집니다!
spam,[로동당특공] 평양제약 항시름片 특별 공급! 인민의 건강을 책임지는 명약!
spam,[장마당특보] 평양 특산품 모란봉 보약술! 진품 보장! 수량 한정!
spam,[국가품질] 원산직송 명태진액! 로동당이 인정한 품질보증!
spam,[인민사랑] 평양 고려약품상사 특별공급! 민족의 기상이 담긴 보약!
spam,[국영상점] 김일성화 특별분양! 혁명정신이 담긴 꽃중의 꽃!
spam,[평양상품] 조선인민의 정성으로 만든 룡천술! 진품 보장 판매!
spam,[혁명상품] 만수대창작사 미술작품! 혁명정신의 숨결을 담아!
spam,[로동특가] 개성직송 고려인삼정과! 혁명선배들의 건강비결!
spam,[당특별] 남포특산 조개젓 한정공급! 인민의 식생활 향상을 위하여!
spam,[혁명할인] 평양 중앙동 특제 기능성신발! 로동자의 발걸음을 더욱 경쾌하게!
spam,[위생통제] 평양화장품공장 특별공급! 조선녀성의 아름다움을 위하여!
spam,[선군특가] 남포특제 바다장어즙! 혁명투사들의 원기회복 비결!
spam,[특별공급] 량강도 특산 들쭉酒! 민족의 얼이 담긴 전통주!
spam,[당지도] 신의주 특산 압록강숙성酒! 혁명선배들이 즐기던 명주!
spam,[평양직송] 묘향산 산나물 특별공급! 조국의 자연이 숨쉬는 건강식품!
spam,[혁명정신] 원산 특산 명태즙! 항일투사들의 체력관리 비결!
spam,[당보증] 평양 고려약재상사 특별공급! 민족의 슬기가 담긴 보약!
spam,[선군특공] 함흥직송 마전해삼즙! 혁명전사들의 원기회복제!
ham,회의록 첨부파일 확인 부탁드립니다. 수정사항 있으시면 회신해주세요.
ham,이번 달 업무 일정 및 담당자 배정 내용입니다. 검토 후 의견 주시기 바랍니다.
ham,금주 금요일까지 분기별 실적 보고서 제출 바랍니다.
ham,워크샵 참석 여부 및 숙박 인원 회신 부탁드립니다.
ham,다음 주 화상미팅 가능한 시간대 조율 부탁드립니다.
ham,프로젝트 진행상황 중간 업데이트입니다. 일정 지연 사항 있음을 참고해주세요.
ham,요청하신 견적서 수정본 발송해드립니다. 확인 부탁드립니다.
ham,내일 외부미팅 장소가 변경되어 안내드립니다. 첨부된 지도를 참고해주세요.
ham,주간 회의 일정이 수요일 오후 2시로 변경되었습니다.
ham,휴가 신청서 승인 완료되었습니다. 업무 인수인계 준비해주세요.
ham,자료 검토 완료했습니다. 수정사항은 형광펜으로 표시해두었습니다.
ham,금일 정기 서버 점검 일정 안내드립니다. 4시간 소요 예정입니다.
ham,월간 실적 보고서 작성 양식입니다. 해당 양식으로 작성 부탁드립니다.
ham,팀 회식 일정 조율을 위한 설문 링크 보내드립니다.
ham,업무 관련 긴급 문의드립니다. 가능하시면 유선으로 연락주시기 바랍니다.
ham,신규 입사자 교육 일정 안내드립니다. 참석 필수입니다.
ham,인사평가 결과 안내드립니다. 금주 내 이의신청 가능합니다.
ham,사무실 이전 관련 공지사항입니다. 자리배치도 첨부했습니다.
ham,연말정산 서류 제출 기한 안내드립니다. 마감일을 준수해주세요.
ham,재택근무 신청서 양식 공유드립니다. 부서장 승인 필요합니다.
ham,부서 내 인사발령 사항을 공지합니다. 다음 주부터 적용됩니다.
ham,프린터 고장으로 3층 프린터 사용 부탁드립니다.
ham,명절 선물세트 신청 안내드립니다. 금주 내로 회신바랍니다.
ham,보안 교육 수료증 제출 요청드립니다. 이번 주 금요일까지입니다.
ham,동지들께 공장 로동자 생산목표 달성 보고서를 제출하여주시기 바랍니다.
ham,당위원회 정기회의가 래일 오전 10시에 진행됨을 알려드립니다.
ham,3/4분기 인민소비품 생산실적 보고를 이번주 금요일까지 제출하여주시기 바랍니다.
ham,로동자동지들의 정기 사상학습 시간이 수요일로 변경되였습니다.
ham,청산리정신 사업토론회 자료를 첨부하여 보내드리오니 검토하여주시기 바랍니다.
ham,각 생산단위 부문별 담당동지들은 이번달 생산실적 자료를 제출하여주시기 바랍니다.
ham,집중생산기간 로동자동지들의 동원상황 보고를 진행하여주시기 바랍니다.
ham,인민경제계획 분기별 실적자료 제출 기한이 래주 월요일임을 알려드립니다.
ham,당세포 회의록을 첨부하였사오니 검토후 회신바랍니다.
ham,공장 설비 정기점검 보고서를 해당 양식에 맞추어 제출하여주시기 바랍니다.
ham,사상학습조별 토론자료 전달회의가 오후 2시에 진행됩니다.
ham,인민소비품 품질검사 결과보고서를 본부로 제출하여주시기 바랍니다.
ham,분기말 로동자동지들의 로력동원 현황자료를 제출하여주시기 바랍니다.
ham,새로운 생산목표 달성을 위한 부문별 계획안을 검토하여주시기 바랍니다.
ham,혁신자동지들의 모범사례 발표회 자료를 준비하여주시기 바랍니다.
ham,상반기 생산실적 총화보고서 양식을 첨부하여 보내드립니다.
ham,원자재 공급소 재고현황 보고를 진행하여주시기 바랍니다.
ham,설비보수 일정이 변경되여 해당 내용을 전달하여드립니다.
ham,로동정량 평가회의가 이번주 목요일에 진행됩니다.
ham,인민경제계획 수행정형 자료를 해당 양식으로 제출하여주시기 바랍니다.
ham,9월 학부모 상담 일정이 확정되어 안내드립니다. 시간표 확인 부탁드립니다.
spam,특별할인!! 오늘하루 최대 90% 할인 이벤트중!!
ham,내일 태권도 승급심사가 있습니다. 준비물 확인해주세요.
spam,축하합니다! 당신은 1억원의 주인공입니다! 지금 확인하세요!
ham,도서관 대출하신 책의 반납기한이 이번주 금요일까지입니다.
spam,급전대출! 신용불량자 가능! 즉시입금! 전화상담만으로도 OK!
ham,이번 주 수요일 반상회 일정 안내드립니다.
spam,무료거부 1588-xxxx 특가 상품 안내! 클릭즉시 할인쿠폰 지급!
ham,아파트 주차장 보수공사 안내: 5월 1일부터 3일간 진행됩니다.
spam,특별한 기회! 럭셔리 명품시계 초특가 세일중!
ham,자녀의 중간고사 성적표를 첨부하여 보내드립니다.
spam,마감 임박! 놓치면 후회할 특가상품! 최저가 보장!
ham,헬스장 회원권 만료일이 다가와 안내드립니다.
spam,수익률 300% 보장! 재테크의 기회! 지금 시작하세요!
ham,치과 정기검진 예약일을 상기시켜 드립니다.
spam,단 하루! 전 품목 70% 할인! 선착순 마감!
ham,케이블TV 요금 납부 안내드립니다.
spam,특별대출 안내! 무서류/무방문/무보증! 한도 1억!
ham,동네 벼룩시장 행사 일정 안내드립니다.
spam,VIP만을 위한 특별 이벤트! 프리미엄 혜택!
ham,어린이집 소방훈련 일정 안내드립니다.
spam,의료실비보험 가입시 상품권 100% 증정!
ham,수도 검침 결과를 안내드립니다.
spam,아이폰15 파격특가! 선착순 100명 한정!
ham,주민센터 문화강좌 수강신청 안내드립니다.
spam,당일대출! 신용등급 관계없이 300만원!
ham,요가 수업 시간이 변경되어 안내드립니다.
spam,초특가 행사! 오픈기념 전품목 할인!
ham,도서 대여 예약하신 책이 도착했습니다.
spam,무료수강권 증정! 온라인 강의 특별할인!
ham,이번 달 관리비 고지서 발송되었습니다.
spam,부동산 투자 수익 보장! 지금 상담하세요!
ham,자녀 방과후 수업 시간표입니다.
spam,당첨 확정! 경품 수령 대상자입니다!
ham,피아노 학원 수업 일정 조정 안내드립니다.
spam,홈쇼핑 최저가! 오늘만 특별할인!
ham,아파트 입주자 대표회의 결과를 공유드립니다.
spam,폭탄세일! 백화점 상품권 특가판매!
ham,차량 정기점검 예약일을 안내드립니다.
spam,무이자 60개월! 특별 할부 이벤트!
ham,결제하신 상품이 발송되었습니다.
spam,긴급 공지! 체험단 모집! 선착순 마감!
ham,동호회 정기모임 일정 안내드립니다.
spam,100% 당첨! 경품 이벤트 참여하세요!
ham,수영장 정기점검 일정 안내드립니다.
spam,카지노 가입시 10만원 즉시지급!
ham,택배물이 도착하여 보관중입니다.
spam,무료배송! 특가세일! 지금 시작!
ham,영어 학원 레벨테스트 결과입니다.
spam,지금 신청하면 상품권 100% 증정!
ham,도서관 휴관일 안내드립니다.
spam,주식 수익 보장! 종목 추천!
ham,체육대회 참가 신청 안내드립니다.
spam,특별 할인! 명품백 초특가 판매중!
ham,베이커리 신메뉴 출시 안내드립니다.
spam,긴급대출! 30분내 입금! 무방문!
ham,미용실 예약 확인 문자드립니다.
spam,BMW 특가! 선착순 한정 판매!
ham,독서토론 모임 일정 안내드립니다.
spam,건강검진 무료쿠폰 지급중!
ham,자녀 학교 준비물 안내드립니다.
spam,황금열쇠 이벤트! 당첨자 발표!
ham,아이 예방접종 일정 안내드립니다.
spam,특별분양! 마지막 기회! 서두르세요!
ham,피트니스 센터 운영시간 변경 안내드립니다.
spam,로또 당첨 비법 무료 공개!
ham,병원 진료 예약 확인드립니다.
spam,마지막 찬스! 재고 정리 특가!
ham,음악회 예매 확인 메일입니다.
spam,슈퍼카 특가! 현금완납 90% 할인!
ham,주문하신 도서가 입고되었습니다.
spam,적금보다 높은 수익! 지금 투자하세요!
ham,요가 원데이 클래스 안내드립니다.
spam,전기세 절약 비법! 무료 방문상담!
ham,결제 완료 확인 안내드립니다.
spam,해외명품 긴급 입고! 특별할인!
ham,자녀 과외 수업 일정 조정 안내드립니다.
spam,고수익 보장! 비밀 투자처 공개!
ham,게임학원 수강료 납부 안내드립니다.
spam,특별 이벤트! 전 제품 무료배송!
ham,어학원 레벨테스트 결과입니다.
spam,폐차 고가매입! 무료견인! 당일지급!
ham,주차권 발행 완료되었습니다.
spam,공짜로 드립니다! 체험단 모집중!
ham,수영 강습 접수 안내드립니다.
spam,땡처리 특가! 오늘만 진행!
ham,자동이체 신청이 완료되었습니다.
spam,급전 필요시 즉시 연락주세요!
ham,콘서트 티켓 예매 안내드립니다.
spam,비상금 대출! 신용불량자 가능!
ham,헬스장 PT 예약 확인드립니다.
spam,특가 이벤트! 지금 시작!
ham,도서 대출 연체 안내드립니다.
spam,럭셔리 시계 특별 할인!
ham,자녀 통지표를 첨부합니다.
spam,마지막 기회! 특가 판매!
ham,피부과 진료 예약 완료되었습니다.
spam,긴급! 대출 상담 신청하세요!
ham,수강신청이 완료되었습니다.
spam,상품권 특가! 오늘만 진행!
ham,독서실 자리 예약 완료되었습니다.
spam,특별 이벤트! 선착순 마감!
ham,치과 예약 확인 문자입니다.
spam,의료실비보험 가입 이벤트!
ham,음악 레슨 시간표 안내드립니다.
spam,신용카드 발급 즉시 혜택!
ham,온라인 결제가 완료되었습니다.
spam,긴급! 투자자 모집합니다!
ham,미용실 예약이 완료되었습니다.
spam,특가 상품! 한정 수량!
ham,학원비 납부 안내드립니다.
spam,무료 상담! 지금 신청!
ham,수강 신청이 완료되었습니다.
spam,마감 임박! 서두르세요!
ham,도서 주문이 완료되었습니다.
spam,럭셔리 특가! 당장 확인!
ham,영화 예매가 완료되었습니다.
spam,즉시 대출! 지금 신청!
ham,자녀 상담 일정 안내드립니다.
spam,특별 할인! 오늘까지!
ham,병원 진료비 영수증 발급되었습니다.
spam,투자 수익 보장합니다!
ham,요가 클래스 등록 완료되었습니다.
spam,긴급 할인! 막바지 세일!
ham,헬스장 락커 배정되었습니다.
spam,무료 증정! 선착순!
ham,도서관 대출증이 발급되었습니다.
spam,특가 찬스! 놓치지 마세요!
ham,수강료 입금 확인되었습니다.
spam,대출 상담! 무료입니다!
ham,치과 진료 예약 확인드립니다.
spam,특별 혜택! 지금 확인!
ham,학원 등록이 완료되었습니다.
spam,긴급 공지! 특별 할인!
ham,콘도 예약이 확정되었습니다.
spam,무료 체험! 선착순!
ham,병원비 수납이 완료되었습니다.
spam,특가 판매! 서두르세요!
ham,수영장 이용권이 발급되었습니다.
spam,대출 가능! 즉시 입금!
ham,도서 대여가 완료되었습니다.
spam,특별 이벤트! 마감 임박!
ham,학원 교재가 배송되었습니다.
spam,긴급 특가! 오늘까지!
ham,피부과 상담이 예약되었습니다.
spam,무료 상담! 기회입니다!
ham,운동화 주문이 완료되었습니다.